nombre,edad,grupo,dieta,musica
Jeremie,36,Baile,O,Rock
Aurie,40,A,V,Reggae
Ree,23,Gatos,C,Alternative
Twila,27,Baile,C,Reggae
Irma,15,Cerro,O,Classical
Jan,31,Avanzada,V,Rock
Petunia,37,Cole,C,Jazz
Addie,40,Baile,V,Rap
Julienne,21,Baile,O,Rock
Cordula,15,A,C,R&B
Neddie,39,Gatos,O,Country
Xenia,32,Baile,C,Alternative
Winslow,31,Cole,O,Classical
Adrien,34,Gatos,V,Country
Karyn,19,Cole,V,Rap
Ravid,29,Gatos,V,Country
Wenonah,18,Uni,V,Rock
Mathew,17,A,O,R&B
Rozanne,30,Baile,V,Reggae
Hermione,34,B2,C,R&B
Budd,24,Baile,O,R&B
Janis,39,Cole,V,Pop
Louisa,22,A,O,Electronic
Tersina,28,Cerro,V,Classical
Corry,29,A,O,Rock
Aurlie,27,Avanzada,V,Jazz
Maridel,25,A,O,Jazz
Danie,36,Cerro,V,Electronic
Rahal,18,Gatos,C,R&B
Ruprecht,33,Gatos,O,Jazz
Benedetto,15,A,C,Country
Daffie,30,A,V,Jazz
Colleen,20,Cerro,C,Rap
Easter,30,Gatos,C,Electronic
Wright,37,Baile,O,Reggae
Elianore,23,Cerro,O,Reggae
Stanwood,26,B2,C,Electronic
Aviva,21,Gatos,O,Reggae
Gussi,28,Baile,V,Classical
Rosana,35,A,O,Rap
Abby,34,Cole,C,Rap
Alidia,24,Avanzada,V,Electronic
Morgen,40,Avanzada,C,Classical
Mahmud,33,Uni,O,Rap
Danell,40,Cole,C,Rock
Luciano,17,Uni,C,Classical
Marybelle,26,Cole,O,Classical
Octavius,31,Gatos,C,Rock
Lynn,26,Avanzada,C,Electronic
Bealle,35,Gatos,C,Jazz
Sebastiano,39,Cerro,V,Electronic
Kirk,21,B2,O,Rap
Codi,24,Avanzada,V,Rock
Candra,20,Avanzada,C,Pop
Harwilll,37,Cole,V,Reggae
Archer,20,Cole,O,Reggae
Win,28,Uni,O,Jazz
Michael,39,A,C,Country
Deane,39,A,V,Pop
Vere,16,Cerro,O,R&B
Bealle,27,Cole,V,Rap
Aurel,27,Cole,V,Jazz
Glenden,32,B2,C,Alternative
Stephen,40,B2,V,Pop
Micaela,40,Cole,C,Classical
Calla,40,Baile,C,Classical
Rosemary,33,Uni,C,Alternative
Florette,15,B2,V,Electronic
Ford,35,A,V,Electronic
Raynor,16,Cerro,V,Reggae
Price,22,Cole,O,Pop
Pascal,24,Cole,O,Rock
Creigh,23,A,C,Rap
Kathrine,35,B2,C,Classical
Kay,29,Cole,C,Electronic
Rosana,32,Uni,V,Rap
Mallory,30,Cerro,V,Jazz
Jarrett,26,A,V,Pop
Gwen,27,Cole,C,Rap
Octavius,15,Avanzada,V,Country
Hallsy,15,Avanzada,O,Rap
Englebert,19,B2,V,Rock
Cosetta,35,A,O,Alternative
Humbert,32,A,C,R&B
Clair,18,Avanzada,C,Pop
Sumner,35,Baile,O,Pop
Nicko,30,B2,V,Alternative
Emelina,31,Uni,C,Rap
Celle,34,Avanzada,V,Rap
Jorry,24,Baile,C,Reggae
Lynnelle,36,Baile,O,Electronic
Bernardine,35,B2,C,Rock
Jenelle,21,Cole,O,Country
Cindee,21,Cole,O,Country
Talbot,21,Gatos,C,Electronic
Rosalinde,36,Cerro,V,Pop
Ludwig,35,Cerro,V,Rock
Angelica,28,Gatos,C,Classical
Devondra,22,Cole,C,Jazz
Olivia,30,A,O,Reggae
Valery,19,A,V,Rock
Brandice,26,Gatos,C,Classical
Hendrik,38,Baile,V,Electronic
Natividad,24,Baile,C,Rap
Harald,29,A,C,Reggae
Rosemary,25,A,O,Country
Emmy,17,Avanzada,C,Rap
Euphemia,39,Baile,C,Pop
Neron,33,Cole,V,R&B
Damon,19,Baile,O,Rap
Chantalle,18,B2,O,Classical
Tristan,18,B2,O,Rap
Shannon,22,Avanzada,V,Country
Andras,21,Uni,C,Reggae
Bria,16,Uni,C,Reggae
Jeffry,27,Cole,V,Rock
Micki,25,Cerro,O,Alternative
Jayne,31,Cole,V,Jazz
Evaleen,33,Gatos,V,Pop
Jamison,22,Cole,V,Pop
Codee,23,B2,V,Pop
Gay,34,Gatos,V,Electronic
Vachel,36,Uni,O,R&B
Gibbie,23,B2,O,Jazz
Vivian,18,Cole,O,R&B
Francklin,33,Cole,V,Alternative
Lira,16,A,O,Alternative
Gifford,18,Cole,V,Rock
Gaile,19,A,V,R&B
Cristin,16,Gatos,C,Pop
Dorey,28,Cole,O,Country
Elfreda,16,A,C,Jazz
Dee dee,35,Cole,C,Rap
Ofilia,34,Cerro,O,Reggae
Ursula,24,Uni,C,Electronic
Ailey,20,Cerro,V,R&B
Giraldo,30,Uni,C,Alternative
Silvano,20,B2,V,Pop
Teressa,18,Avanzada,C,Electronic
Waverley,39,Gatos,C,Rap
Maximilien,22,Cole,C,Electronic
Dulci,29,Uni,V,R&B
Billye,37,Cerro,O,Classical
Elie,28,B2,V,Reggae
Junette,15,Uni,V,Reggae
Fairlie,24,A,V,Electronic
Kristyn,38,Cerro,C,R&B
Lorin,16,Cerro,O,R&B
Avie,21,Uni,O,Alternative
Kimberley,19,Gatos,O,Rock
Arnoldo,32,Cole,C,Rap
Sasha,27,Avanzada,C,Reggae
Tulley,34,B2,O,Jazz
Dacey,30,A,V,Classical
Whittaker,24,A,C,Country
Bernetta,20,Gatos,V,Rap
Martina,26,A,C,Country
Laurena,22,Cole,V,Electronic
Roxi,20,Avanzada,V,Jazz
Danyette,25,Cerro,O,Classical
Karrie,25,Gatos,V,Rock
Uta,22,Cole,C,Pop
Ansell,19,Uni,V,Classical
Kirstyn,30,B2,O,Jazz
Ole,23,Uni,C,Classical
Portia,28,Gatos,C,Rap
Georgine,37,Cole,O,Country
Shepherd,27,B2,V,Pop
Caren,23,Baile,V,Reggae
Faber,19,Baile,C,Jazz
Bernarr,16,Cole,O,Country
Waylon,19,A,V,Country
Lari,35,Cerro,O,Electronic
Kelly,31,Gatos,C,R&B
Georgina,21,A,O,Jazz
Lydon,28,Avanzada,V,Electronic
Aveline,26,Cole,O,Reggae
Casi,33,Avanzada,V,Electronic
Collette,24,Baile,C,Country
Lorri,27,A,O,Electronic
Chandler,40,Cole,O,Jazz
Winnie,21,Cerro,O,Reggae
Isiahi,15,Baile,C,Pop
Lindsy,30,Baile,C,Reggae
Hattie,22,Avanzada,V,Rock
Luella,38,Gatos,O,Classical
Travis,32,Cerro,V,R&B
Morissa,23,Cerro,O,Alternative
Krissie,35,B2,O,Rap
Dorotea,34,Cerro,V,Pop
Devin,27,Uni,O,Alternative
Angy,24,A,O,Classical
Karil,39,Gatos,V,Electronic
Ezra,24,Cole,C,R&B
Dareen,18,Cole,V,Rap
Brina,20,Cole,O,Classical
Lauren,24,Avanzada,C,Pop
Mort,40,Cole,O,Country
Olin,18,Gatos,C,Reggae
Ken,40,Avanzada,V,Jazz
Son,28,Gatos,V,Electronic
Ed,29,Baile,O,Classical
Carmon,16,Gatos,O,Electronic
Bellina,16,Avanzada,V,Jazz
Alex,28,A,O,Rock
Barbe,26,Avanzada,C,Rock
Madeline,30,Baile,V,R&B
Denise,25,Baile,C,Classical
Sawyer,35,Uni,C,Alternative
Wendy,34,A,C,Electronic
Marieann,16,Baile,V,Jazz
Consuelo,17,Cerro,C,Rap
Rahal,32,A,O,Country
Niall,37,Uni,C,Electronic
Ronny,27,Avanzada,O,Pop
Geoff,21,A,C,R&B
Blinni,17,A,O,Electronic
Ezmeralda,31,Gatos,C,Electronic
Leonie,17,Cerro,V,Jazz
Alon,34,B2,C,Country
Biddy,36,Cole,O,Electronic
Bax,21,Uni,O,Electronic
Woody,27,Uni,O,Pop
Torey,28,A,C,Rap
Morlee,22,Cerro,O,Pop
Marybelle,34,Baile,C,Alternative
Tamra,38,Gatos,C,Alternative
Othella,23,Baile,O,Electronic
Dona,27,Gatos,C,Jazz
Beverlee,34,Cole,O,R&B
Wilow,32,Cole,O,Jazz
Hill,40,Uni,V,Pop
Hailey,17,Cole,C,Country
Marena,17,Gatos,C,Classical
Krystal,34,Uni,C,Jazz
Laina,30,A,C,R&B
Hagen,34,Cerro,O,Electronic
Mikkel,37,Avanzada,O,Classical
Caesar,21,Gatos,C,Classical
Petr,36,Gatos,O,R&B
Lamar,15,Avanzada,V,Rock
Marnie,26,B2,O,Reggae
Estrella,28,Gatos,O,Classical
Hadleigh,17,Gatos,C,Pop
Shaine,34,Cerro,C,Reggae
Mella,30,Gatos,C,Alternative
Sallyanne,40,Cole,O,Classical
Salvador,25,B2,V,Classical
Demetri,33,Avanzada,C,Jazz
Corina,28,Cole,O,Pop
Cathlene,29,Avanzada,V,Pop
Madelene,18,Uni,C,Country
Smitty,40,Gatos,O,Classical
Iseabal,27,Uni,V,Electronic
Erek,36,Baile,O,Reggae
Netta,17,Uni,C,Country
Jacquelyn,24,Uni,O,Reggae
Domingo,39,Uni,V,R&B
Hillard,24,Baile,C,R&B
Ana,39,A,O,R&B
Ami,21,B2,C,Reggae
Hayes,29,Cole,V,Classical
Augie,21,Cerro,V,Country
Helli,17,Avanzada,O,R&B
Christiano,29,Cole,V,Reggae
Lennie,29,Gatos,V,R&B
Sydel,28,A,O,Electronic
Milt,23,Cole,O,Reggae
Gene,21,Gatos,O,Rap
Paige,18,Cole,O,Classical
Fields,28,Cerro,O,Rap
Rodolph,40,Cerro,V,Reggae
Stormi,20,Cerro,V,Pop
Reeta,18,Avanzada,V,Jazz
Jacquie,33,Uni,V,Jazz
Janey,27,B2,O,R&B
Yorke,37,A,V,Classical
Marketa,20,Gatos,C,Reggae
Travis,22,Gatos,O,Alternative
Amelia,16,Avanzada,O,Alternative
Cathe,17,B2,V,Pop
Shelly,34,A,V,Rock
Layton,27,B2,V,Pop
Flemming,26,Baile,O,Alternative
Cad,26,Gatos,C,Alternative
Babbette,33,A,O,Classical
Zollie,21,Gatos,C,Jazz
Diannne,16,Uni,V,Pop
Luci,31,Gatos,O,R&B
Zora,20,Gatos,C,Alternative
Rozele,26,Gatos,C,Pop
Fredric,25,Gatos,C,Classical
Merrile,25,Cole,V,R&B
Derril,37,Baile,C,Reggae
Mirabella,15,Gatos,O,Rock
Clari,32,Gatos,O,Alternative
Wanids,33,Avanzada,O,Pop
Langston,40,Cole,O,Reggae
Joelle,19,A,C,R&B
Elene,40,B2,O,Classical
Alejandrina,37,Gatos,V,Pop
Ronnie,33,Cerro,C,Country
Reilly,17,Baile,C,R&B
Terri,26,Avanzada,C,Classical
Tanhya,30,A,V,Reggae
Nial,28,Gatos,V,Reggae
Gunter,25,Uni,O,Pop
Darill,31,Avanzada,C,Country
Terrijo,32,Uni,C,Reggae
Bibby,36,Avanzada,V,Jazz
Ogden,32,Gatos,C,Rock
Kenon,28,Cole,C,Classical
Carmon,27,B2,V,Alternative
Ginnifer,16,A,O,Pop
Lavinia,38,Uni,O,Classical
Winnifred,26,Cerro,V,Pop
Karylin,15,Uni,C,Electronic
Mackenzie,26,Cerro,V,Country
Aubert,15,Cerro,V,Reggae
Sallie,22,Avanzada,V,Jazz
Jerad,18,A,C,Electronic
Chet,24,Baile,C,Electronic
Alethea,23,Avanzada,V,Jazz
Elie,18,Cerro,C,Country
Maia,25,A,C,Country
Ruthie,15,Uni,C,Country
Sunny,19,A,O,Rock
Cordelia,20,Cerro,V,Rock
Alyce,35,A,V,Rap
Ruperta,38,Gatos,O,Rap
Erick,20,B2,C,Alternative
Ansley,20,Uni,V,Classical
Alisa,31,Cole,V,Rock
Haley,39,A,V,R&B
Ingram,31,Cerro,C,R&B
Lonee,26,Gatos,V,Classical
Dottie,19,Uni,O,Pop
Kristien,25,Uni,V,Rock
Gualterio,23,Cerro,V,Country
Dorthea,31,Cerro,V,Classical
Shay,37,Baile,V,Classical
Sam,19,B2,V,Rock
Hermy,20,Cole,C,Classical
Bibi,26,Cole,O,Electronic
Ros,40,B2,O,Reggae
Nicolette,40,Cole,C,Electronic
Paton,23,Baile,O,R&B
Krista,38,Avanzada,C,Electronic
Ardath,23,Baile,O,Country
Hershel,39,Cerro,O,Classical
Bendite,21,Cerro,V,Electronic
Anallese,25,Cole,O,Rap
Ev,40,Avanzada,O,Pop
Peria,23,Gatos,O,Country
Hilarius,22,Baile,O,Jazz
Effie,18,Uni,C,Electronic
Carlye,22,Cole,V,Electronic
Archibald,21,A,C,Reggae
Burt,16,Uni,V,Jazz
Libby,40,A,O,Alternative
Dani,21,Cerro,V,Electronic
Sayer,32,Gatos,V,Reggae
Herb,22,Avanzada,V,Pop
Mag,27,Gatos,O,Alternative
Fabien,37,Avanzada,C,Pop
Jasper,25,Cerro,O,Classical
Conrad,31,B2,C,Jazz
Marjorie,18,Gatos,V,Country
Lyell,40,A,O,Rap
Tessy,32,Cerro,V,Classical
Sidonia,21,B2,V,Alternative
Preston,29,Baile,V,Jazz
Jenine,32,B2,O,Rap
Fidela,31,Gatos,O,Country
Mart,23,Gatos,O,Electronic
Norman,16,Gatos,C,Country
Othilie,39,Gatos,V,Rap
Reinold,18,Avanzada,V,Rock
Vere,25,Cole,V,Alternative
Halie,19,A,O,R&B
Joane,29,Uni,C,Rock
Kaleena,16,A,V,Electronic
Jerrie,29,Baile,V,Reggae
Fabiano,24,Avanzada,O,Classical
Jemmy,37,B2,C,Alternative
Reeba,30,B2,O,Reggae
Imogene,22,Baile,V,Pop
Lacey,18,Baile,C,Classical
Millie,33,Gatos,V,Classical
Pammi,22,Cole,C,Classical
Clarice,32,Uni,O,Classical
Andrea,18,B2,C,Rock
Gabriela,21,B2,V,Jazz
Drake,35,Uni,O,Rap
La verne,39,Baile,V,Jazz
Brook,28,B2,V,Jazz
Maddi,29,A,C,Country
Wilden,27,Cole,C,Rap
Isak,23,Cole,V,Jazz
Fleming,26,Avanzada,V,Reggae
Simone,32,B2,V,Reggae
Rafi,15,Cerro,C,Country
Raf,26,Gatos,V,Rock
Gal,38,Gatos,O,Alternative
Minerva,33,Avanzada,C,Reggae
Constantina,38,A,V,Rock
Patience,25,Avanzada,O,Rock
Evelina,28,Uni,O,Electronic
Carson,27,Cole,O,Rock
Ynez,23,Cole,O,Rap
Birgitta,38,B2,O,Rap
Cecilius,16,Gatos,C,Rap
Sydney,15,A,V,R&B
Aubree,40,Gatos,O,R&B
Damita,33,Uni,V,Alternative
Darcey,31,Cole,O,Reggae
Caldwell,32,A,O,Classical
Krishnah,26,Gatos,O,Classical
Jamie,23,Cole,C,Country
Lezlie,20,Avanzada,O,Classical
Cam,21,Gatos,V,Jazz
Lonnie,16,Cole,V,R&B
Shay,29,Uni,O,R&B
Vladamir,28,A,O,R&B
Liam,39,A,O,Jazz
Hansiain,25,Avanzada,V,Classical
Cchaddie,26,Avanzada,C,Rock
Roderic,29,Uni,V,Reggae
Judi,23,Baile,C,Electronic
Aloysia,17,B2,O,Classical
Turner,20,Cole,V,Electronic
Ryley,35,A,V,Rap
Ines,18,Avanzada,V,Rock
Rosa,25,Gatos,O,Classical
Brien,29,Cerro,V,Rock
Doreen,19,Baile,C,Pop
Eda,39,Uni,O,Rock
Pedro,16,B2,C,Electronic
Laraine,17,B2,O,Jazz
Caitrin,25,Uni,O,Alternative
Sim,18,Cerro,C,Rock
Judon,22,A,O,Rap
Matthiew,39,Cerro,V,R&B
Drud,33,Baile,V,Rock
Elysha,32,Cerro,O,R&B
Obidiah,21,Cole,V,Jazz
Felic,37,Baile,V,Pop
Clemens,25,Cole,C,Electronic
Pernell,28,Cerro,C,Country
Laura,39,B2,V,Electronic
Beryl,21,Gatos,C,Rap
Brett,31,Cole,O,Classical
Margo,30,Cole,O,R&B
Alistair,23,Cerro,V,Classical
Nata,36,Baile,V,Rap
Ulric,25,Cerro,V,Classical
Hernando,39,A,C,Country
Cristen,18,Cerro,V,Country
Galvan,20,B2,O,Pop
Victoria,29,Gatos,O,Alternative
Cathy,19,B2,C,R&B
Evangelia,35,Baile,O,Reggae
Anastasia,32,Gatos,O,Rap
Phillip,22,Avanzada,C,Electronic
Elsie,25,B2,O,Electronic
Thaddeus,25,Cerro,O,Classical
Roz,34,Gatos,O,Electronic
Virgie,18,Cole,O,R&B
Fenelia,35,Avanzada,O,Alternative
Melba,16,A,C,Alternative
Clovis,39,Baile,V,Rap
Emmit,37,Cole,O,Country
Aloysia,29,Cole,V,Jazz
Sophie,19,Cole,C,Electronic
Artair,30,A,C,Country
Walsh,28,Avanzada,C,Jazz
Harlie,23,Avanzada,V,Electronic
Bennett,23,Cole,V,Country
Rob,32,Avanzada,V,Reggae
Jordan,32,A,C,Classical
Mackenzie,21,Baile,C,Country
Marietta,31,Avanzada,O,Jazz
Claretta,15,Gatos,O,Rock
Nelli,19,B2,V,Country
Klarika,15,Cerro,O,Rock
Ynes,28,Avanzada,O,Jazz
Montgomery,19,Cole,O,Classical
Martyn,40,Avanzada,O,Electronic
Marietta,38,A,V,Classical
Adamo,28,B2,V,Country
Aileen,35,A,O,R&B
Ripley,25,B2,C,Electronic
Josi,36,Cerro,O,Classical
Ericka,25,Avanzada,O,Rap
Kermy,19,Cerro,C,Classical
Reggis,27,Avanzada,V,Country
Helaine,29,Uni,O,R&B
Ivie,39,Uni,O,Rock
Allianora,23,Cole,V,Jazz
Francesco,38,Avanzada,O,Rock
Wendeline,26,Gatos,O,Rap
Tito,19,Cole,O,Jazz
Karleen,29,B2,O,Reggae
Brigitte,33,Baile,C,Pop
Giovanna,32,Gatos,O,Pop
Ingar,29,Uni,V,Country
Piper,16,Gatos,O,Reggae
Krissy,30,B2,C,Pop
Irvin,26,A,O,Alternative
Alverta,27,Uni,O,Country
Oren,40,Baile,O,R&B
Gisele,26,Cerro,C,Rock
Kristina,23,Baile,C,Country
Mischa,24,Gatos,O,Country
Noland,33,Cerro,O,Jazz
Robin,20,Cerro,O,R&B
Simona,37,A,O,Rock
Finley,18,Uni,C,Classical
Shana,18,Avanzada,V,R&B
Eziechiele,36,B2,V,Electronic
Virgie,34,Baile,C,Country
Olivero,21,Baile,V,Pop
Lotti,38,B2,O,Country
Eliza,21,Baile,O,Reggae
Barbi,31,Gatos,O,Classical
Martina,37,Avanzada,V,Rap
Chrisse,21,Baile,V,Classical
Joella,18,A,O,Reggae
Wendye,26,Cerro,V,Reggae
Gert,25,Uni,C,Classical
Kali,20,A,O,Electronic
Chicky,16,Avanzada,V,Pop
Rosette,21,Avanzada,V,R&B
Sylvester,23,Gatos,O,Jazz
Grace,36,Gatos,V,Classical
Albie,21,Uni,O,Electronic
Farlee,17,A,C,Reggae
Mariana,17,Cole,O,Reggae
Golda,24,Uni,O,Country
Obadias,23,Cole,V,Rock
Ruddie,16,Baile,V,Rock
Lib,39,B2,V,Country
Katrina,39,Avanzada,C,R&B
Audy,28,A,C,Alternative
Margareta,19,Uni,V,Country
Agnese,40,Baile,V,Electronic
Gertie,20,Baile,O,Rap
Eyde,19,B2,V,Rock
Kimmy,27,A,V,Rock
Dulce,36,Uni,V,R&B
Marcille,19,B2,C,Reggae
Pebrook,38,Uni,O,Reggae
Camilla,34,Uni,O,Rap
Brig,26,Gatos,C,Electronic
Aldo,26,Uni,V,Alternative
Axe,20,B2,C,Alternative
Winona,23,B2,O,Rock
Broderic,29,Uni,V,Pop
Becki,38,Baile,C,Classical
Dodi,23,B2,C,Rap
Fran,27,B2,C,Rock
Andrei,18,Cerro,V,Alternative
Grace,27,Baile,C,Country
Bearnard,18,Cerro,C,Alternative
Britni,37,Cole,V,Jazz
Oliy,40,Gatos,O,Rap
Terrye,31,A,C,Rap
Alyce,38,Baile,V,Electronic
Nelli,34,A,V,Rock
Humbert,19,Cerro,O,Pop
Yolanthe,16,Gatos,C,Country
Sebastien,24,Cole,O,R&B
Chrystal,28,Cerro,V,Alternative
Iago,18,Baile,C,Pop
Willetta,30,Cole,V,Reggae
Tucker,23,Cole,V,Electronic
Mamie,31,Avanzada,C,Rock
Maurizio,39,A,O,Electronic
Jud,27,Gatos,C,Rap
Jean,36,Baile,C,Rock
Gabi,22,B2,C,Country
Tori,16,Gatos,C,Rap
Gherardo,16,Gatos,V,Electronic
Willem,28,Gatos,C,Classical
Luciana,32,Gatos,O,Jazz
Jenda,39,Gatos,C,Electronic
Iris,26,Avanzada,C,Jazz
Correy,22,Gatos,V,Alternative
Debbi,33,Baile,V,Electronic
Bondy,32,Gatos,O,Jazz
Brnaby,30,Cole,V,Alternative
Leeanne,37,A,V,R&B
Ario,32,Cerro,V,Electronic
Kasper,34,Cerro,V,Pop
Gwenore,33,Cole,O,Alternative
Denys,32,Baile,C,Reggae
Penn,35,Cole,O,R&B
Michail,15,B2,C,Classical
Durward,16,Cerro,C,Classical
Becki,18,Uni,V,Pop
Dana,24,Uni,O,Rock
Raoul,38,A,C,Electronic
Hendrika,26,Cerro,O,Classical
Sile,24,Cerro,V,Pop
Carolan,20,Gatos,C,Pop
Dione,40,Gatos,V,Reggae
Batsheva,32,A,V,Jazz
Brantley,21,Cole,V,Reggae
Thibaut,24,Cerro,O,Pop
Rees,33,B2,C,Pop
Nikkie,17,Cole,C,Country
Conrade,40,B2,C,Rock
Renato,39,Baile,C,Jazz
Davin,18,Gatos,C,Rock
Cob,21,Uni,C,R&B
Ferdinanda,39,A,C,Rap
Caria,39,Gatos,C,Reggae
Allianora,22,Avanzada,V,R&B
Arri,31,B2,O,R&B
Christina,31,Gatos,O,Rock
Duky,33,Baile,C,Electronic
Guinna,30,Avanzada,V,Electronic
Mersey,31,Cerro,O,Pop
Isahella,35,A,O,Pop
Sada,23,Cole,V,Alternative
Cirilo,22,Avanzada,V,Electronic
Sibilla,19,Baile,O,Rock
Jeanie,16,A,V,Alternative
Lyndsay,16,A,O,Electronic
Modesty,33,Gatos,C,Classical
Elenore,31,Cole,V,Country
Marijn,29,Avanzada,V,Reggae
Vic,18,B2,O,Pop
Raquela,17,Avanzada,V,Pop
Bent,21,Avanzada,C,Rap
Steffane,30,A,O,Pop
Marmaduke,32,Baile,V,Rock
Janaya,27,Uni,O,Country
Aurlie,39,B2,O,R&B
Gerti,18,Uni,C,Alternative
Arch,30,Gatos,C,Pop
Tova,33,B2,V,R&B
Anneliese,30,Avanzada,C,R&B
Larina,25,Baile,V,Reggae
Carin,23,A,V,Country
Gawen,17,Uni,V,Reggae
Rina,33,A,V,Rock
Rani,18,Avanzada,V,Alternative
Sterne,23,Cole,O,Alternative
Leonerd,35,Baile,O,Jazz
Willie,35,Uni,C,Alternative
Art,19,Uni,V,Alternative
Carolann,15,A,V,Reggae
Joane,35,Baile,V,R&B
Tate,22,A,C,R&B
Hazel,38,Uni,V,Rock
Gleda,37,Avanzada,V,Jazz
Vyky,38,B2,V,Pop
Harp,17,Baile,O,Classical
Desmond,34,Cerro,V,Classical
Darwin,30,B2,V,Alternative
Eal,22,Gatos,C,R&B
Rees,30,Cerro,O,R&B
Ofelia,21,B2,O,Country
Konstanze,18,Cerro,O,Country
Hortense,15,Avanzada,O,Reggae
Elissa,27,Gatos,O,Country
Dione,21,Cerro,V,Jazz
Renate,36,A,C,Country
Hildy,24,Gatos,O,Reggae
Angele,39,Baile,O,Jazz
Flor,40,B2,V,R&B
Ronald,18,B2,V,Country
Belle,18,A,V,Electronic
Loleta,27,Baile,V,Country
Gretel,29,Cole,C,Classical
Regan,27,Baile,O,Classical
Clemmy,40,Cerro,V,Electronic
Khalil,23,Baile,V,Alternative
Kennedy,32,Uni,C,Rock
Carine,16,Cole,O,Electronic
Elayne,26,A,O,Rock
Chlo,32,Baile,O,Electronic
Nicolai,20,Uni,V,Country
Donni,20,Cole,V,Jazz
Nichole,16,Baile,C,Classical
Teodoor,31,Baile,V,Country
Essa,15,A,C,Pop
Rice,20,A,V,Alternative
Wendell,16,Uni,C,Country
Alfie,39,Gatos,V,R&B
Amby,32,B2,C,R&B
Dwain,36,Cole,O,Alternative
Cilka,40,Baile,O,Alternative
Berne,28,B2,V,Reggae
Kaiser,18,Gatos,V,Alternative
Raul,30,A,V,R&B
Martina,19,A,O,Rap
Jonathan,28,Uni,V,Electronic
Julietta,17,Baile,O,Rap
Daria,27,Gatos,V,Electronic
Addison,15,A,O,Jazz
Dur,36,A,C,Rock
Koo,28,Uni,O,Electronic
Krystalle,34,Avanzada,V,Electronic
Ortensia,24,Cerro,O,Rock
Revkah,34,A,V,Reggae
Ogden,18,Gatos,C,Pop
Emalia,38,Baile,C,Country
Gretchen,33,Gatos,V,Alternative
Tildy,26,Baile,C,R&B
Gerhard,33,B2,V,R&B
Ranna,19,Uni,C,Pop
Ruprecht,33,Gatos,V,Electronic
Antonietta,38,Cerro,O,R&B
Donelle,40,Cerro,C,Jazz
Homer,26,Baile,C,Country
Lindsy,30,A,V,Reggae
Shane,32,Cerro,C,Electronic
Bealle,31,Cole,O,Rock
Marci,19,Avanzada,V,Classical
Teri,17,Cole,V,Electronic
Ginnie,20,Gatos,O,Jazz
Andrea,37,Avanzada,V,Classical
Mary,18,Baile,O,Reggae
Brew,18,A,O,Classical
Julia,26,Cole,C,Alternative
Blithe,39,Cole,V,Electronic
Bayard,28,Uni,O,Classical
Cob,38,Baile,O,Alternative
Eldin,18,Avanzada,O,Classical
Corny,16,A,C,R&B
Perla,33,Baile,V,Rock
Killy,33,B2,O,Alternative
Kaitlynn,15,Cerro,O,Jazz
Kerrin,40,Baile,V,Pop
Otis,24,Cole,C,Electronic
Niel,19,Gatos,C,Jazz
Margi,29,B2,C,Electronic
Calv,31,B2,O,Alternative
Creigh,26,A,C,Pop
Zed,36,B2,C,Jazz
Wenda,34,A,V,Rap
Lane,21,Baile,V,Reggae
Hazel,31,Cerro,C,R&B
Sibylla,35,Cole,C,Reggae
Stefano,19,Uni,C,Country
Annmaria,36,Cole,V,Country
Shane,17,A,O,Pop
Bertram,20,Cole,C,Reggae
Jerrilee,21,A,V,Jazz
Wanda,24,Cole,V,Classical
Cash,25,A,O,Rock
Raynard,27,B2,O,Jazz
Devlen,22,A,C,Rock
Carmel,24,B2,O,Rap
Eryn,21,Gatos,C,Country
Georgina,40,B2,O,Rock
Algernon,39,B2,C,Alternative
Xerxes,38,Avanzada,C,Classical
Eric,30,Uni,V,Alternative
Lyon,17,Uni,O,R&B
Stefanie,16,Gatos,O,R&B
Augustus,26,A,V,Alternative
Emalia,30,B2,V,Pop
Wat,25,Gatos,V,Rock
Davey,17,Uni,O,Country
Anestassia,33,Gatos,C,Reggae
Redford,37,B2,O,R&B
Emmi,39,Gatos,C,Rock
Nancee,18,Cole,C,Reggae
Karee,21,A,V,Rap
Lorna,20,Baile,C,Pop
Moise,18,Gatos,V,Jazz
Nick,39,Avanzada,C,Rock
Brant,17,Gatos,O,Rock
Dacy,29,A,V,Rap
Weylin,27,Uni,O,Classical
Gannon,39,Uni,C,Reggae
Yehudit,37,Uni,O,Classical
Hebert,24,Uni,O,Jazz
Dionis,24,Uni,O,Rock
Patrice,21,Gatos,V,Jazz
Caria,32,Baile,V,Classical
Gabriello,39,Gatos,V,Rap
Maryanne,38,Cole,V,Electronic
Karlan,27,Cerro,O,Country
Kelsi,24,Avanzada,V,Jazz
Iago,17,Gatos,O,Reggae
Sanson,15,Avanzada,V,R&B
Ricoriki,33,Avanzada,V,Country
Merrily,34,Avanzada,C,Pop
Darline,18,B2,V,Electronic
Maisey,33,B2,V,Jazz
Niki,25,Gatos,C,Pop
Neala,22,Cerro,C,Country
Natalya,16,Baile,V,Rock
Almira,31,Uni,O,Electronic
Casar,23,Avanzada,V,Jazz
Lani,22,B2,V,Pop
Natal,39,Baile,V,Jazz
Marlo,21,Avanzada,O,Electronic
Wendall,34,Cole,O,Rap
Roland,17,Cole,O,Pop
Benedikta,24,B2,C,Jazz
Kora,17,Cerro,V,Jazz
Barrie,36,Avanzada,C,Rock
Sondra,39,Uni,O,Electronic
Catherina,29,Avanzada,O,R&B
Umeko,17,Gatos,V,Rap
Der,17,Avanzada,V,Classical
Anselma,22,A,V,R&B
Horst,15,Uni,V,R&B
Ariela,20,Uni,C,Reggae
Stillman,28,Cole,V,Electronic
Marthena,37,Gatos,V,Classical
Dorise,21,Baile,O,Country
Gorden,28,Cerro,C,Classical
Merola,21,A,C,Jazz
Lisa,33,Gatos,O,Alternative
Langsdon,23,Avanzada,O,Electronic
Charmine,22,Baile,V,Alternative
Kristofor,31,A,V,Rock
Fern,16,B2,V,Rock
Garnet,31,A,V,Rap
Sholom,16,B2,C,Classical
Jorie,39,Avanzada,C,Jazz
Rriocard,40,Cerro,V,R&B
Sanderson,25,Baile,O,Pop
Peyton,39,B2,O,Reggae
Falkner,39,Uni,C,Jazz
Calley,39,Cerro,C,Alternative
Donn,30,B2,O,Classical
Shela,28,A,V,Classical
Veronica,18,Uni,O,Rap
Jeanelle,19,B2,O,Classical
Wally,33,Cerro,V,Jazz
Tobie,31,Uni,V,Rock
Kai,15,Baile,O,Classical
Ilise,20,Gatos,O,Reggae
Far,29,Baile,V,Rap
Sylvester,32,Cole,O,R&B
Rudolfo,20,Cole,V,Rock
Simone,30,Uni,O,Classical
Gustavus,30,Uni,O,Rap
Carmon,37,Avanzada,V,Reggae
Riannon,28,Gatos,C,Reggae
Wilden,35,Gatos,V,Pop
Ki,36,Cerro,C,Rock
Kissee,28,Gatos,C,Electronic
Eduard,29,Cerro,C,Rock
Gaby,39,Gatos,V,Country
Chrissy,37,B2,V,Reggae
Olva,37,Avanzada,V,Rock
Cecilio,34,Avanzada,O,Jazz
Ian,36,Baile,O,R&B
Cynthie,32,B2,V,Rap
Jandy,25,Gatos,O,Rock
Anica,28,B2,O,Jazz
Salomone,34,Baile,O,Country
Shantee,18,Avanzada,C,Country
Keen,21,Uni,O,Rock
Kora,39,B2,C,Alternative
Olvan,27,Cole,V,Country
Clerkclaude,31,Gatos,C,Country
Olivier,35,B2,C,Pop
Melba,35,Uni,C,Country
Zaccaria,30,Cole,O,Alternative
Brent,28,Baile,C,Country
Galvan,26,Gatos,C,Country
Audi,24,Uni,V,Alternative
Wynnie,20,B2,C,Classical
Millicent,15,B2,C,Rap
Maynord,19,A,C,Jazz
Smitty,26,Uni,C,Country
Erich,23,Cerro,O,Jazz
Virgina,39,Cole,C,Rock
Emmy,16,Avanzada,V,Rock
Dodie,19,A,V,Country
Raquel,40,Gatos,C,Pop
Josey,17,A,C,Jazz
Dorita,19,Cole,V,R&B
Berti,18,Baile,C,Rock
Fredra,16,Baile,O,Country
Ilene,37,A,C,Rap
Kalle,24,B2,O,Electronic
Mirella,39,Cole,C,R&B
Frannie,16,Uni,C,Rap
Donielle,25,A,O,Jazz
Wittie,33,Cerro,O,Classical
Farlee,27,Uni,V,Electronic
Mathew,20,B2,O,Rock
Hedwiga,39,Gatos,V,R&B
Rickert,24,B2,O,Rock
Grove,38,Uni,O,Jazz
Rickard,27,B2,V,Reggae
Binky,26,Cerro,O,Jazz
Lem,19,Cerro,V,Country
Kellie,34,Cole,O,Pop
Aleksandr,35,Avanzada,V,Electronic
Kaylyn,37,Cerro,O,R&B
Lynde,20,Uni,O,Pop
Arnold,16,B2,O,Pop
Xenos,22,Gatos,V,Rock
Wilmar,24,A,C,Classical
Remy,17,Uni,C,R&B
Lynett,28,Baile,V,R&B
Audrie,30,Baile,C,Reggae
Janka,40,B2,O,Classical
Monty,15,B2,V,Classical
Valeria,25,B2,V,Alternative
Melisa,16,Uni,V,Classical
Tish,37,B2,O,Pop
Iosep,38,Cerro,O,R&B
Timmie,24,Gatos,V,Electronic
Gayleen,19,Cole,O,Pop
Alfonse,27,B2,V,Electronic
Jodee,40,Gatos,C,Classical
Merrile,24,Uni,V,Electronic
Emmy,23,Cerro,O,Rock
Whitaker,20,A,C,R&B
Maison,32,Cerro,V,Alternative
Tobey,39,B2,O,Pop
Kathy,39,Avanzada,O,Electronic
Rosaleen,31,Avanzada,O,Reggae
Joela,25,Cole,O,Alternative
Peder,23,Baile,C,Country
Harv,34,Uni,C,Rock
Vinny,18,Cole,O,Country
Noami,23,Baile,V,Rock
Yorker,32,A,V,Pop
Penny,29,A,O,Rap
Kip,28,Cole,C,Reggae
Seward,29,Uni,O,Alternative
Gilemette,30,Baile,V,Rap
Bryce,22,Cerro,V,Classical
Homere,19,Gatos,O,Rap
Thibaut,16,Cole,V,Electronic
Noe,37,A,O,Alternative
Weston,33,Avanzada,C,R&B
Ethan,40,Cerro,C,Pop
Rainer,20,Baile,C,Rock
Alard,16,Cerro,O,Alternative
Tamarra,23,B2,O,Electronic
Godart,21,B2,V,Jazz
Clo,26,Gatos,V,R&B
Anderson,32,A,C,Classical
Silvia,18,Avanzada,O,Jazz
Charlotta,36,A,V,Jazz
Rusty,38,Baile,O,Rock
Terri,24,Cerro,V,Country
Kaitlynn,33,Uni,C,Electronic
Seana,16,B2,V,Alternative
Flory,23,Cole,C,Rap
Tallie,35,B2,V,Classical
Leigha,24,Cerro,V,Electronic
Jewell,20,Uni,C,Electronic
Urbain,34,Cole,O,Electronic
Rosana,30,Uni,V,Jazz
Ashlan,25,Baile,O,Jazz
Josee,35,A,C,R&B
Sauveur,21,Uni,O,Country
Junia,40,Uni,C,Pop
Faunie,35,Cole,C,Pop
Karlen,22,Gatos,V,Classical
Mychal,20,B2,V,Reggae
Frederich,32,Baile,C,Country
Inna,18,Cole,C,Jazz
Reinwald,23,Gatos,C,Alternative
Myer,36,Cerro,V,Jazz
Tedi,16,B2,O,Rock
Yorker,40,Cerro,O,Jazz
Raffarty,29,Cerro,O,Rap
Alisander,17,Baile,V,Country
Guy,38,Avanzada,V,Country
Tammy,28,Gatos,C,Rap
Nicola,18,Cerro,V,Rock
Lilias,34,Gatos,O,Reggae
Maurene,27,Cerro,C,Rap
Harli,37,Avanzada,C,Jazz
Myrah,15,Cole,O,Country
Beaufort,33,Gatos,O,Electronic
Elbert,17,A,C,Pop
Jemie,28,A,C,Rap
Eleanore,23,Baile,V,Rap
Hanny,22,A,O,Electronic
Humphrey,26,Avanzada,O,Jazz
Rriocard,19,Baile,O,Classical
Brendan,28,Baile,C,Reggae
Bran,40,Cole,C,Rock
Guillema,19,B2,O,Rock
Lynda,29,A,C,Pop
Tina,37,Baile,O,Rock
Kendall,15,A,V,Jazz
Claudia,15,Cerro,V,Jazz
Leo,37,A,O,Pop
Frank,22,Gatos,V,Alternative
Xerxes,40,Avanzada,O,Rap
Keefer,19,Uni,V,Electronic